Date,Adj_Close_BTCUSD,Adj_Close_ETHUSD,Adj_Close_USDTUSD,Close_BTCUSD,Close_ETHUSD,Close_USDTUSD,High_BTCUSD,High_ETHUSD,High_USDTUSD,Low_BTCUSD,Low_ETHUSD,Low_USDTUSD,Open_BTCUSD,Open_ETHUSD,Open_USDTUSD,Volume_BTCUSD,Volume_ETHUSD,Volume_USDTUSD,crypto,crypto_coin,cryptocurrency,crypto_currency,bitcoin,ethereum,BTC,USDT,Tether,ETH
2018-01-07,16477.599609375,1153.1700439453125,1.0015699863433838,16477.599609375,1153.1700439453125,1.0015699863433838,17579.599609375,1153.1700439453125,1.015720009803772,16087.7001953125,1043.010009765625,0.998207986354828,17527.30078125,1043.010009765625,1.0072699785232544,15866000384,5569880064,2338180096,12,1,14,1,59,8,8,0,0,3
2018-01-14,13772,1366.77001953125,1.0161199569702148,13772,1366.77001953125,1.0161199569702148,14511.7998046875,1400.56005859375,1.040310025215149,13268,1286.2099609375,1.000640034675598,14370.7998046875,1397.47998046875,1.0043599605560305,11084099584,4841630208,2960410112,10,1,12,1,74,6,8,0,0,2
2018-01-21,11600.099609375,1049.5799560546875,0.9998610019683838,11600.099609375,1049.5799560546875,0.9998610019683838,12895.900390625,1155.6800537109375,1.026610016822815,11288.2001953125,1021.5,0.9970690011978148,12889.2001953125,1155.6800537109375,1.0029200315475464,9935179776,3378089984,3302010112,8,1,7,0,48,3,6,0,0,1
2018-01-28,11786.2998046875,1246.010009765625,0.988789975643158,11786.2998046875,1246.010009765625,0.988789975643158,12040.2998046875,1257.77001953125,1.001099944114685,11475.2998046875,1111.780029296875,0.9812750220298768,11475.2998046875,1111.780029296875,0.9965479969978333,8350360064,5372329984,2546639872,7,0,8,0,51,4,6,0,1,2
2018-02-04,8277.009765625,834.6820068359375,1.0101300477981567,8277.009765625,834.6820068359375,1.0101300477981567,9334.8701171875,969.031982421875,1.0101300477981567,8031.22021484375,805.06402587890625,0.9752089977264404,9175.7001953125,964.6669921875,1.0043799877166748,7073549824,2997090048,2504640000,6,0,7,0,62,3,7,0,0,1
2018-02-11,8129.97021484375,814.65997314453125,0.9992510080337524,8129.97021484375,814.65997314453125,0.9992510080337524,8616.1298828125,859.28802490234375,1.0125199556350708,7931.10009765625,788.22198486328125,0.9927279949188232,8616.1298828125,859.28802490234375,1.0049200057983398,6122189824,2486650112,2431739904,4,0,5,0,35,2,4,0,0,1
2018-02-18,10551.7998046875,923.9210205078124,1.0051900148391724,10551.7998046875,923.9210205078124,1.0051900148391724,11349.7998046875,982.9329833984376,1.0161900520324707,10326,915.44500732421875,0.9988319873809814,11123.400390625,973.3489990234376,1.004680037498474,8744009728,2567290112,3124179968,4,0,4,0,32,2,4,0,0,1
2018-02-25,9664.73046875,844.80999755859375,1.0003399848937988,9664.73046875,844.80999755859375,1.0003399848937988,9923.2197265625,853.14599609375,1.008999943733215,9407.0595703125,822.3809814453125,0.9962289929389954,9796.419921875,839.458984375,1.00478994846344,5706939904,1646960000,1968850048,4,0,3,0,25,2,3,0,0,1
2018-03-04,11512.599609375,866.677978515625,0.99761199951171875,11512.599609375,866.677978515625,0.99761199951171875,11512.599609375,867.95001220703125,1.0049500465393066,11136.099609375,840.280029296875,0.9952870011329652,11497.400390625,856.18597412109375,1.000190019607544,6084149760,1697939968,2133910016,4,0,3,0,25,2,3,0,0,1
2018-03-11,9578.6298828125,723.3389892578125,1.0038399696350098,9578.6298828125,723.3389892578125,1.0038399696350098,9711.8896484375,735.83099365234375,1.0135600566864014,8607.1201171875,668.12298583984375,0.994709014892578,8852.7802734375,685.31201171875,1.003469944000244,6296370176,1562680064,2394810112,4,0,3,0,25,2,3,0,0,1
2018-03-18,8223.6796875,538.64398193359375,1.0030800104141235,8223.6796875,538.64398193359375,1.0030800104141235,8245.509765625,551.6400146484375,1.0135200023651123,7397.990234375,460.0880126953125,0.9797809720039368,7890.52001953125,551.6400146484375,1.0051699876785278,6639190016,2685499904,2639470080,3,0,3,0,25,2,3,0,0,1
2018-03-25,8495.7802734375,524.2869873046875,0.9996860027313232,8495.7802734375,524.2869873046875,0.9996860027313232,8682.009765625,535.82098388671875,1.0101799964904783,8449.099609375,515.65899658203125,0.9944819808006288,8612.8095703125,522.7030029296875,1.0001200437545776,4569880064,1151170048,1511320064,3,0,3,0,23,2,3,0,0,1
2018-04-01,6844.22998046875,379.60699462890625,0.999809980392456,6844.22998046875,379.60699462890625,0.999809980392456,7060.9501953125,400.5280151367187,1.009850025177002,6526.8701171875,363.8049926757813,0.9807779788970948,7003.06005859375,397.2539978027344,0.995702028274536,4532100096,1256930048,1832530048,3,0,3,0,23,1,3,0,0,1
2018-04-08,7023.52001953125,400.5079956054687,0.9968090057373048,7023.52001953125,400.5079956054687,0.9968090057373048,7111.56005859375,402.5899963378906,1.0058000087738037,6919.97998046875,385.60198974609375,0.9950910210609436,6919.97998046875,385.7430114746094,1.0015300512313845,3652499968,948488000,1090880000,3,0,2,0,21,1,3,0,0,1
2018-04-15,8329.1103515625,531.7020263671875,0.9986019730567932,8329.1103515625,531.7020263671875,0.9986019730567932,8338.419921875,531.7020263671875,1.0059399604797363,7999.330078125,502.8800048828125,0.9865639805793762,7999.330078125,502.8800048828125,0.9963080286979676,5244480000,1726089984,2057859968,3,0,3,0,19,1,3,0,0,1
2018-04-22,8802.4599609375,621.8599853515625,0.9961959719657898,8802.4599609375,621.8599853515625,0.9961959719657898,9001.6396484375,640.76702880859375,1.0111500024795532,8779.6103515625,593.8690185546875,0.9891909956932068,8925.0595703125,606.1190185546875,1.0043100118637085,6629899776,2426269952,3176019968,3,0,3,0,19,1,3,0,0,1
2018-04-29,9419.080078125,688.8809814453125,0.9980159997940063,9419.080078125,688.8809814453125,0.9980159997940063,9531.490234375,697.7559814453125,1.0137799978256226,9193.7099609375,670.51300048828125,0.992304027080536,9346.41015625,683.9119873046875,0.9988660216331482,8853000192,2740559872,5167799808,3,0,2,0,16,1,3,0,0,1
2018-05-06,9654.7998046875,792.31097412109375,0.9972019791603088,9654.7998046875,792.31097412109375,0.9972019791603088,9940.1396484375,835.0570068359375,1.0081499814987185,9465.25,764.88299560546875,0.9923210144042968,9845.3095703125,816.0880126953125,0.9959059953689576,7222280192,3105570048,3948859904,3,0,2,0,16,2,2,0,0,1
2018-05-13,8723.9404296875,733.4959716796875,1.003250002861023,8723.9404296875,733.4959716796875,1.003250002861023,8773.5498046875,741.31201171875,1.0065200328826904,8395.1201171875,675.3189697265625,0.99324798583984375,8515.490234375,687.17498779296875,1.0004899501800537,5866379776,2362500096,3179099904,3,0,2,0,14,1,2,0,0,1
2018-05-20,8513.25,715.3690185546875,0.9991170167922974,8513.25,715.3690185546875,0.9991170167922974,8562.41015625,723.75299072265625,1.0046600103378296,8205.240234375,692.66900634765625,0.9907559752464294,8246.990234375,697.9229736328125,1.001469969749451,5191059968,2156910080,2610939904,3,0,2,0,15,1,2,0,0,1
2018-05-27,7368.22021484375,572.66802978515625,0.9991819858551024,7368.22021484375,572.66802978515625,0.9991819858551024,7381.740234375,590.3280029296875,1.006850004196167,7270.9599609375,562.86602783203125,0.9915509819984436,7362.080078125,588.52001953125,1.0017600059509275,4056519936,1788790016,1885900032,2,0,2,0,14,1,2,0,0,1
2018-06-03,7720.25,618.3289794921875,1.000100016593933,7720.25,618.3289794921875,1.000100016593933,7754.89013671875,624.51300048828125,1.0037599802017212,7613.0400390625,591.25897216796875,0.9868469834327698,7632.08984375,591.25897216796875,0.9920300245285034,4851760128,1832550016,2796300032,2,0,2,0,13,1,2,0,0,1
2018-06-10,6786.02001953125,526.47900390625,0.9982150197029114,6786.02001953125,526.47900390625,0.9982150197029114,7499.5498046875,594.344970703125,1.0153199434280396,6709.06982421875,511.8890075683594,0.9890310168266296,7499.5498046875,594.344970703125,1.009369969367981,5804839936,2234880000,3845029888,2,0,2,0,16,1,2,0,0,1
2018-06-17,6499.27001953125,500.447998046875,1.0054800510406494,6499.27001953125,500.447998046875,1.0054800510406494,6589.10986328125,507.6409912109375,1.0071300268173218,6499.27001953125,498.64801025390625,0.9984530210494996,6545.52978515625,499.4599914550781,1.004870057106018,3104019968,1264870016,1548390016,2,0,2,0,13,1,2,0,0,1
2018-06-24,6173.22998046875,457.6719970703125,1.0051000118255615,6173.22998046875,457.6719970703125,1.0051000118255615,6223.77978515625,475.3590087890625,1.0224900245666504,5826.41015625,426.468994140625,0.9717360138893129,6164.27978515625,474.76800537109375,0.9988750219345092,4566909952,2490579968,3952620032,2,0,2,0,14,1,2,0,0,1
2018-07-01,6385.81982421875,453.9179992675781,0.9988210201263428,6385.81982421875,453.9179992675781,0.9988210201263428,6432.85009765625,457.1390075683594,1.0060499906539917,6289.2900390625,446.385009765625,0.9970160126686096,6411.68017578125,455.2420043945313,0.9973229765892028,4788259840,1511730048,3653040128,2,0,1,0,12,1,2,0,0,1
2018-07-08,6773.8798828125,489.1189880371094,1.0042500495910645,6773.8798828125,489.1189880371094,1.0042500495910645,6885.91015625,503.1990051269531,1.0095100402832031,6747.97998046875,488.4169921875,1.001270055770874,6857.7998046875,492.0679931640625,1.0046099424362185,3386210048,1344560000,2142080000,2,0,1,0,12,1,2,0,0,1
2018-07-15,6359.64013671875,449.8500061035156,0.9983519911766052,6359.64013671875,449.8500061035156,0.9983519911766052,6403.4599609375,454.0010070800781,1.0044100284576416,6256.509765625,433.9209899902344,0.9966639876365662,6272.7001953125,435.8829956054687,1.0023800134658811,3285459968,1350160000,1919559936,2,0,2,0,14,1,2,0,0,1
2018-07-22,7418.490234375,459.6570129394531,0.9998430013656616,7418.490234375,459.6570129394531,0.9998430013656616,7537.9501953125,470.89801025390625,1.0106199979782104,7383.81982421875,458.1189880371094,0.9947559833526612,7417.7998046875,462.43798828125,1.0012199878692627,3695460096,1338589952,2209939968,2,0,1,0,16,1,2,0,0,1
2018-07-29,8218.4599609375,466.6650085449219,0.9989190101623536,8218.4599609375,466.6650085449219,0.9989190101623536,8272.259765625,470.3559875488281,1.0016100406646729,8141.18017578125,462.7120056152344,0.9951050281524658,8205.8203125,466.9150085449219,0.9964029788970948,4107190016,1631910016,2404489984,2,0,2,0,13,1,2,0,0,1
2018-08-05,7068.47998046875,410.5159912109375,0.9993469715118408,7068.47998046875,410.5159912109375,0.9993469715118408,7102.77001953125,413.7160034179687,1.0026099681854248,6940.7001953125,402.4320068359375,0.996254026889801,7031.080078125,407.3460083007813,0.997972011566162,3679110000,1396820000,2204100000,2,0,2,0,15,1,2,0,0,1
2018-08-12,6322.68994140625,319.57000732421875,1.0004899501800537,6322.68994140625,319.57000732421875,1.0004899501800537,6409.85009765625,328.5899963378906,1.0072799921035769,6237.5,318.60198974609375,0.9949300289154052,6283.64990234375,320.822998046875,1.00586998462677,5665250000,1625420000,4066320000,2,0,2,0,14,1,2,0,0,1
2018-08-19,6506.06982421875,300.8340148925781,1.0005199909210205,6506.06982421875,300.8340148925781,1.0005199909210205,6537.97998046875,307.0979919433594,1.0082199573516846,6361.5498046875,291.3320007324219,0.9968640208244324,6422.56982421875,295.6700134277344,1.005370020866394,3311170000,1447910000,2622560000,2,0,1,0,12,1,2,0,0,1
2018-08-26,6707.259765625,275.1969909667969,0.999226987361908,6707.259765625,275.1969909667969,0.999226987361908,6774.75,279.5249938964844,1.007949948310852,6620.75,272.4440002441406,0.9977499842643738,6754.64013671875,279.5249938964844,1.003209948539734,3295500000,1206650000,1946530000,2,0,1,0,13,1,2,0,0,1
2018-09-02,7272.72021484375,294.3710021972656,0.9978389739990234,7272.72021484375,294.3710021972656,0.9978389739990234,7306.31005859375,298.6860046386719,1.0076600313186646,7132.16015625,290.9259948730469,0.9933940172195436,7189.580078125,295.4530029296875,0.9968649744987488,4329540000,1321050000,2844130000,2,0,1,0,14,1,3,0,0,1
2018-09-09,6300.85986328125,196.9239959716797,1.004979968070984,6300.85986328125,196.9239959716797,1.004979968070984,6446.259765625,207.66600036621097,1.0157999992370603,6201.22021484375,188.30599975585935,0.9683539867401124,6223.3798828125,198.3849945068359,1.0023399591445925,3671890000,1585980000,2470930000,2,0,1,0,13,1,2,0,0,1
2018-09-16,6517.18017578125,220.58900451660156,1.0009599924087524,6517.18017578125,220.58900451660156,1.0009599924087524,6544.330078125,222.8029937744141,1.0140700340270996,6460.10009765625,211.1179962158203,0.9951850175857544,6536.68017578125,222.8029937744141,1.004390001296997,3273730000,1502260000,2103110000,2,0,1,0,11,1,2,0,0,1
2018-09-23,6710.6298828125,244.3300018310547,0.999512016773224,6710.6298828125,244.3300018310547,0.999512016773224,6766.14990234375,247.46400451660156,1.0097500085830688,6679.419921875,237.85699462890625,0.9927250146865844,6715.31982421875,240.99200439453125,0.996163010597229,4197500000,1693470000,2804770000,2,0,1,0,11,1,2,0,0,1
2018-09-30,6625.56005859375,232.84800720214844,1.0003600120544434,6625.56005859375,232.84800720214844,1.0003600120544434,6643.77978515625,236.98599243164065,1.0076500177383425,6566.5400390625,228.44500732421875,0.9910410046577454,6604.7099609375,231.32899475097656,1.001520037651062,4002280000,1765560000,3307320000,2,1,1,0,10,1,2,0,0,1
2018-10-07,6602.9501953125,226.11900329589844,0.9966170191764832,6602.9501953125,226.11900329589844,0.9966170191764832,6641.490234375,226.3699951171875,1.003749966621399,6557.0400390625,222.9960021972656,0.9925529956817628,6590.68017578125,225.43499755859375,0.9979379773139954,3306630000,1470480000,2187670000,2,0,1,0,11,1,2,0,0,1
2018-10-14,6290.93017578125,195.71499633789065,0.9895700216293336,6290.93017578125,195.71499633789065,0.9895700216293336,6363.2099609375,201.82699584960935,0.9959049820899964,6280.14990234375,195.2429962158203,0.9842090010643004,6288.490234375,199.6909942626953,0.9878690242767334,3085320000,1169260000,2008170000,2,0,1,0,10,1,2,0,0,1
2018-10-21,6482.35009765625,205.1419982910156,0.9835479855537416,6482.35009765625,205.1419982910156,0.9835479855537416,6556.3798828125,208.15499877929688,0.9888539910316468,6476,204.6210021972656,0.9749969840049744,6490.08984375,205.38999938964844,0.9843479990959167,3253610000,1190300000,2188330000,2,0,1,0,9,1,2,0,0,1
2018-10-28,6486.39013671875,205.36599731445313,0.9984530210494996,6486.39013671875,205.36599731445313,0.9984530210494996,6502.27978515625,205.91900634765625,0.9988920092582704,6447.91015625,203.5229949951172,0.9915480017662048,6482.66015625,204.5099945068359,0.9952229857444764,3445190000,1139140000,1729890000,2,0,1,0,10,1,2,0,0,1
2018-11-04,6376.1298828125,207.48599243164065,0.9887080192565918,6376.1298828125,207.48599243164065,0.9887080192565918,6388.6298828125,211.27200317382813,1.001539945602417,6294.56982421875,198.98599243164065,0.945722997188568,6365.47021484375,200.1580047607422,0.999019980430603,4390020000,1749300000,2955200000,2,0,1,0,10,1,2,0,0,1
2018-11-11,6411.27001953125,211.33999633789065,0.9904620051383972,6411.27001953125,211.33999633789065,0.9904620051383972,6423.25,212.99899291992188,1.0002700090408323,6350.169921875,208.8679962158203,0.9904620051383972,6413.6298828125,212.47900390625,0.99720299243927,3939060000,1501600000,2634060000,2,0,1,0,13,1,2,0,0,1
2018-11-18,5623.5400390625,177.06700134277344,0.9925330281257628,5623.5400390625,177.06700134277344,0.9925330281257628,5653.60986328125,179.15199279785156,0.9949700236320496,5559.740234375,174.1750030517578,0.9833329916000366,5559.740234375,174.1750030517578,0.9852160215377808,4159680000,1810920000,3037000000,2,0,1,0,18,1,3,0,0,1
2018-11-25,4009.969970703125,116.4499969482422,0.9809690117836,4009.969970703125,116.4499969482422,0.9809690117836,4120.8701171875,118.88099670410156,0.9906030297279358,3585.06005859375,101.7699966430664,0.9612150192260742,3880.780029296875,113.1259994506836,0.9784749746322632,6825640000,2466750000,5223930000,2,0,1,0,18,1,3,0,0,1
2018-12-02,4139.8779296875,116.38890075683594,0.9983720183372498,4139.8779296875,116.38890075683594,0.9983720183372498,4301.51953125,120.56204986572266,1.0037519931793213,4110.978515625,116.092041015625,0.9933509826660156,4200.7333984375,118.26815032958984,0.9998409748077391,5262697895,1856199149,3221855294,2,0,1,0,15,1,2,0,0,1
2018-12-09,3614.234375,95.142059326171875,1.0155019760131836,3614.234375,95.142059326171875,1.0155019760131836,3685.3056640625,98.90003204345705,1.0204050540924072,3469.09423828125,91.031280517578125,1.0085430145263672,3473.2275390625,92.035430908203125,1.0171109437942505,4947372847,1875567180,3210392369,2,0,1,0,14,1,3,0,0,1
2018-12-16,3252.839111328125,85.26210021972656,1.006335973739624,3252.839111328125,85.26210021972656,1.006335973739624,3305.753173828125,87.56812286376953,1.0108400583267212,3233.81982421875,84.46940612792969,0.9970300197601318,3236.274658203125,84.46940612792969,1.005020022392273,3744248994,1565817037,2322330505,2,0,1,0,14,1,2,0,0,1
2018-12-23,3998.980224609375,130.7652587890625,1.0159549713134766,3998.980224609375,130.7652587890625,1.0159549713134766,4085.7236328125,133.07530212402344,1.0263760089874268,3976.40576171875,117.27389526367188,1.012315034866333,4020.99462890625,117.27389526367188,1.015360951423645,6151275490,3579715061,5243877298,1,0,1,0,13,1,2,0,0,1
2018-12-30,3865.95263671875,139.8594512939453,1.0190860033035278,3865.95263671875,139.8594512939453,1.0190860033035278,3901.908935546875,140.6890869140625,1.0352729558944702,3797.21923828125,133.98233032226563,1.016392946243286,3822.384765625,137.62745666503906,1.0305140018463137,4770578575,2660086834,3762583033,2,0,1,0,11,1,2,0,0,1
2019-01-06,4076.632568359375,157.74620056152344,1.0235780477523804,4076.632568359375,157.74620056152344,1.0235780477523804,4093.29736328125,159.37144470214844,1.0262019634246826,3826.51318359375,152.08592224121094,1.0048420429229736,3836.51904296875,155.80422973632813,1.0181440114974976,5597027440,3231294371,4224650070,2,0,1,0,11,1,2,0,0,1
2019-01-13,3552.953125,116.8978042602539,1.0200910568237305,3552.953125,116.8978042602539,1.0200910568237305,3674.760009765625,126.26787567138672,1.0383700132369995,3544.92724609375,116.08596801757813,1.0163110494613647,3658.8681640625,125.9072265625,1.020771026611328,4681302466,2268263944,3380321686,2,0,1,0,10,1,2,0,0,1
2019-01-20,3601.013671875,119.4748306274414,1.0171459913253784,3601.013671875,119.4748306274414,1.0171459913253784,3743.387939453125,125.07038879394533,1.0274879932403564,3583.01953125,118.70232391357422,1.0131590366363523,3725.446044921875,124.63240051269533,1.016901969909668,5582489560,2964108269,4389435191,2,0,1,0,9,0,2,0,0,0
2019-01-27,3583.9658203125,113.40528869628906,1.0087169408798218,3583.9658203125,113.40528869628906,1.0087169408798218,3612.67138671875,116.68540954589844,1.0148940086364746,3567.245849609375,113.40528869628906,1.004917025566101,3604.687255859375,116.51031494140624,1.0105849504470823,5570752966,2775888287,3932642453,1,0,1,0,9,1,2,0,0,0
2019-02-03,3464.013427734375,107.49266815185548,1.000046968460083,3464.013427734375,107.49266815185548,1.000046968460083,3521.38818359375,110.82735443115234,1.0062849521636963,3447.92431640625,106.5639877319336,0.9981110095977784,3516.1396484375,110.49031829833984,1.000946044921875,5043937584,2519334757,3756996124,2,0,1,0,10,0,2,0,0,0
2019-02-10,3690.188232421875,124.80648803710938,1.0042170286178589,3690.188232421875,124.80648803710938,1.0042170286178589,3695.0361328125,124.85362243652344,1.0081770420074463,3640.97998046875,117.10577392578124,0.9999300241470336,3673.201416015625,119.40896606445313,1.0010470151901243,6282256903,3148766590,4965113768,1,0,1,0,9,1,2,0,0,0
2019-02-17,3673.836181640625,133.598876953125,1.0009560585021973,3673.836181640625,133.598876953125,1.0009560585021973,3680.537353515625,134.46009826660156,1.0063879489898682,3619.18212890625,123.09161376953124,0.9925130009651184,3633.359375,123.1820831298828,1.0044779777526855,7039512503,4236081130,5746888553,2,0,1,0,11,1,2,0,0,1
2019-02-24,3810.427490234375,135.8526611328125,1.012045979499817,3810.427490234375,135.8526611328125,1.012045979499817,4210.6416015625,165.54962158203125,1.0491160154342651,3793.708984375,135.8526611328125,1.002619981765747,4145.4580078125,158.90240478515625,1.0087519884109497,10794227451,5957715043,11405442806,2,0,1,0,10,1,2,0,0,1
2019-03-03,3847.17578125,132.24942016601563,1.0102200508117676,3847.17578125,132.24942016601563,1.0102200508117676,3875.483642578125,135.8492889404297,1.014543056488037,3836.90576171875,131.328857421875,1.006855010986328,3862.26611328125,134.78611755371094,1.0083309412002563,7253558152,3454374053,6148316202,1,0,1,0,9,1,2,0,0,1
2019-03-10,3951.599853515625,136.75868225097656,1.008821964263916,3951.599853515625,136.75868225097656,1.008821964263916,3966.17431640625,138.2703094482422,1.0114909410476685,3924.381103515625,135.68568420410156,1.0047999620437622,3966.17431640625,138.1804962158203,1.0087159872055054,9713267607,4578438499,7993146408,1,0,1,0,9,0,2,0,0,0
2019-03-17,4025.22900390625,140.00054931640625,1.0092179775238037,4025.22900390625,140.00054931640625,1.0092179775238037,4054.1220703125,142.37191772460938,1.0152159929275513,4006.4111328125,139.32351684570313,1.0086079835891724,4047.719482421875,142.23829650878906,1.0106730461120603,8221625400,3827157729,7070867589,1,0,1,0,9,0,2,0,0,0
2019-03-24,4022.168212890625,136.98692321777344,1.0056380033493042,4022.168212890625,136.98692321777344,1.0056380033493042,4040.69970703125,138.3756103515625,1.0102369785308838,4006.19287109375,136.31375122070313,1.0043280124664309,4035.16357421875,138.3153533935547,1.0079710483551023,9144851065,4266845458,7789146127,1,0,1,0,9,0,2,0,0,0
2019-03-31,4105.404296875,141.51409912109375,1.0005589723587036,4105.404296875,141.51409912109375,1.0005589723587036,4113.0234375,142.189208984375,1.0039910078048706,4094.100830078125,140.69737243652344,0.9980000257492064,4105.4560546875,142.13922119140625,1.000288963317871,9045122443,4249050197,8108743211,2,0,1,0,16,1,3,0,0,1
2019-04-07,5198.89697265625,174.53164672851563,1.004601001739502,5198.89697265625,174.53164672851563,1.004601001739502,5235.1865234375,175.21316528320313,1.0117870569229126,5050.412109375,164.93209838867188,1.000391960144043,5062.7939453125,165.9772491455078,1.0032860040664673,16655416140,7596176020,16782653244,2,0,1,0,13,1,2,0,0,1
2019-04-14,5167.72216796875,167.83851623535156,1.005378007888794,5167.72216796875,167.83851623535156,1.005378007888794,5184.01611328125,168.59103393554688,1.0088200569152832,5053.568359375,162.78147888183594,1.0026229619979858,5095.7587890625,164.47608947753906,1.0065449476242063,10391952498,4846298303,9870255987,2,0,1,0,11,1,2,0,0,0
2019-04-21,5314.53125,170.04652404785156,1.0066570043563845,5314.53125,170.04652404785156,1.0066570043563845,5359.9248046875,174.4207763671875,1.0138909816741943,5257.33935546875,167.4285888671875,1.004421949386597,5335.87890625,173.7154083251953,1.0054700374603271,13731844223,6005571688,12526292374,2,0,1,0,12,1,3,0,0,0
2019-04-28,5285.13916015625,157.29507446289063,0.9938730001449584,5285.13916015625,157.29507446289063,0.9938730001449584,5326.23193359375,159.5653839111328,1.000095009803772,5255.68359375,157.12551879882813,0.9922940135002136,5271.74658203125,158.49977111816406,0.9946569800376892,12819992056,5379894433,10548623452,2,0,1,0,11,1,2,0,0,0
2019-05-05,5795.70849609375,163.45069885253906,1.0022759437561035,5795.70849609375,163.45069885253906,1.0022759437561035,5833.86279296875,165.3999786376953,1.0049669742584229,5708.03515625,159.70065307617188,0.9945949912071228,5831.068359375,164.0152587890625,1.0007989406585691,14808830723,5938415562,12450308259,2,0,1,0,15,1,3,0,0,1
2019-05-12,6972.37158203125,187.3253173828125,0.9956340193748474,6972.37158203125,187.3253173828125,0.9956340193748474,7503.8720703125,201.88148498535156,1.0146520137786863,6815.77099609375,183.6539306640625,0.9948440194129944,7203.50732421875,194.16302490234375,1.0024420022964478,27773333680,10326050090,26115401657,2,0,1,0,24,1,4,0,0,1
2019-05-19,8197.689453125,261.2922058105469,1.0106099843978882,8197.689453125,261.2922058105469,1.0106099843978882,8261.94140625,263.7409973144531,1.0169830322265625,7267.962890625,233.7586669921875,0.9932129979133606,7267.962890625,234.449462890625,0.99726802110672,25902422040,12049250894,26838449167,2,0,1,0,18,1,3,0,0,1
2019-05-26,8673.2158203125,267.06964111328125,1.009858012199402,8673.2158203125,267.06964111328125,1.009858012199402,8687.5205078125,269.1665344238281,1.0171469449996948,7924.67041015625,247.24539184570313,0.9952179789543152,8055.2060546875,251.72479248046875,1.003240942955017,26677970091,9664267731,21971964413,2,0,1,0,19,1,3,0,0,1
2019-06-02,8742.9580078125,270.22552490234375,1.00211501121521,8742.9580078125,270.22552490234375,1.00211501121521,8809.3037109375,272.8072204589844,1.0104860067367554,8561.2353515625,265.0418701171875,0.9967349767684937,8565.4736328125,265.5127258300781,1.0014710426330566,20266216022,8744111713,19634978743,2,0,1,0,16,1,3,0,0,1
2019-06-09,7688.0771484375,233.08670043945313,1.002971053123474,7688.0771484375,233.08670043945313,1.002971053123474,7975.97412109375,245.9728240966797,1.008193016052246,7583.2197265625,229.25743103027344,0.9989389777183532,7949.6748046875,245.5404815673828,1.004948973655701,16610726547,7566421456,17201793659,2,0,1,0,14,1,3,0,0,1
2019-06-16,8994.48828125,269.22320556640625,1.0029590129852295,8994.48828125,269.22320556640625,1.0029590129852295,9335.8671875,278.1431884765625,1.0159039497375488,8814.556640625,265.53533935546875,1.0000460147857666,8841.4404296875,268.9011535644531,1.0055030584335327,23348550311,9676746453,23029024600,3,0,2,0,21,1,4,0,0,1
2019-06-23,10855.37109375,307.8277893066406,0.9966909885406494,10855.37109375,307.8277893066406,0.9966909885406494,11246.14453125,318.565673828125,1.0053590536117554,10556.095703125,305.76458740234375,0.9917420148849488,10696.69140625,309.41668701171875,0.9965710043907166,20998326502,8161062380,20905913458,3,0,2,0,34,1,6,0,0,1
2019-06-30,10817.1552734375,290.69598388671875,0.9924870133399964,10817.1552734375,290.69598388671875,0.9924870133399964,12178.3837890625,322.7895812988281,1.0044399499893188,10799.0087890625,290.69598388671875,0.98676598072052,11931.9912109375,319.58404541015625,1.0012160539627075,27256473494,10303111000,27348295158,2,0,1,0,23,1,4,0,0,1
2019-07-07,11450.8466796875,305.7005615234375,1.0024499893188477,11450.8466796875,305.7005615234375,1.0024499893188477,11541.6201171875,310.1393127441406,1.0085090398788452,11148.8046875,286.10919189453125,0.994346022605896,11217.6162109375,287.6036071777344,0.9970179796218872,19369044277,8119724981,19840392097,2,0,1,0,21,2,4,0,0,1
2019-07-14,10256.05859375,227.57806396484375,0.9999949932098388,10256.05859375,227.57806396484375,0.9999949932098388,11451.2041015625,269.6412353515625,1.0087300539016724,10234.576171875,227.2692108154297,0.995527982711792,11381.0205078125,269.2816162109375,0.9988769888877868,22486000001,8578339386,23891996870,2,0,1,0,21,2,4,0,0,1
2019-07-21,10599.10546875,225.6307678222656,1.0007829666137695,10599.10546875,225.6307678222656,1.0007829666137695,10841.8876953125,229.86166381835935,1.0093690156936646,10389.599609375,219.0277557373047,0.9957979917526244,10777.529296875,229.16769409179688,1.00518798828125,17130580467,6685082868,18408364222,2,0,1,0,17,1,3,0,0,0
2019-07-28,9552.8603515625,211.18655395507813,1.002236008644104,9552.8603515625,211.18655395507813,1.002236008644104,9575.544921875,212.04183959960935,1.0100699663162231,9252.296875,202.25289916992188,0.9849609732627868,9491.626953125,207.4137725830078,0.9979339838027954,13738687093,5504887934,14944677257,2,0,1,0,16,0,3,0,0,0
2019-08-04,10970.1845703125,222.6697235107422,1.0050679445266724,10970.1845703125,222.6697235107422,1.0050679445266724,11009.20703125,224.227294921875,1.0163739919662476,10620.2783203125,218.49217224121097,0.99822998046875,10821.6328125,222.580810546875,1.0040709972381592,16530894787,5238542572,16547093138,2,0,1,0,19,1,3,0,0,1
2019-08-11,11523.5791015625,216.0928649902344,0.9976500272750854,11523.5791015625,216.0928649902344,0.9976500272750854,11523.5791015625,216.59864807128903,1.003358006477356,11248.294921875,206.51080322265625,0.9939640164375304,11349.740234375,206.73223876953125,0.99958598613739,15774371518,6440605605,16176202793,2,0,1,0,17,1,3,0,0,1
2019-08-18,10345.810546875,194.4935302734375,1.0034220218658447,10345.810546875,194.4935302734375,1.0034220218658447,10487.0703125,197.52249145507813,1.006358981132507,10119.0947265625,183.69224548339844,0.9950900077819824,10233.005859375,185.84109497070313,1.000777006149292,12999813869,5969012024,14364172776,2,0,1,0,15,1,3,0,0,0
2019-08-25,10138.517578125,186.84239196777344,0.9995589852333068,10138.517578125,186.84239196777344,0.9995589852333068,10304.6220703125,192.163330078125,1.0127110481262207,10008.7890625,184.9647521972656,0.9977049827575684,10160.7373046875,191.2347869873047,1.002344012260437,14153856610,5826017143,15701077262,1,0,1,0,14,0,31,0,0,0
2019-09-01,9757.970703125,171.62942504882813,1.0045729875564575,9757.970703125,171.62942504882813,1.0045729875564575,9796.755859375,173.6968536376953,1.0066009759902954,9582.9443359375,169.53128051757813,0.997521996498108,9630.5927734375,172.45840454101563,1.003919005393982,11445355859,5554799576,13692453817,1,0,1,0,14,0,100,0,0,1
2019-09-08,10441.2763671875,181.35552978515625,1.0052529573440552,10441.2763671875,181.35552978515625,1.0052529573440552,10595.6376953125,182.97708129882813,1.0192400217056274,10409.0908203125,178.1425018310547,0.9998000264167786,10518.1142578125,178.2825927734375,1.0062810182571411,13670567493,6472677266,16261435450,1,0,1,0,12,0,52,0,0,1
2019-09-15,10347.712890625,189.78912353515625,1.0039039850234983,10347.712890625,189.78912353515625,1.0039039850234983,10387.03515625,190.3993377685547,1.0076390504837036,10313.0927734375,186.44732666015625,1.0001449584960938,10356.4658203125,188.0684356689453,1.0024089813232422,12043433567,6222874780,14415596813,2,0,1,0,12,1,48,0,0,1
2019-09-22,10070.392578125,211.54537963867188,1.002634048461914,10070.392578125,211.54537963867188,1.002634048461914,10074.4443359375,216.08624267578125,1.007004976272583,9922.533203125,207.6449279785156,0.9977089762687684,10024.115234375,215.4865570068359,1.0024709701538086,13199651698,7812854576,16627445896,2,0,1,0,16,1,27,0,0,1
2019-09-29,8104.185546875,170.50347900390625,1.0056769847869873,8104.185546875,170.50347900390625,1.0056769847869873,8261.70703125,175.21022033691406,1.0161529779434204,7990.4970703125,166.99769592285156,1.0010230541229248,8246.037109375,174.6127471923828,1.0047279596328735,13034629109,6497088199,15804140912,2,0,1,0,13,0,2,0,0,0
2019-10-06,7988.15576171875,173.05914306640625,1.0120869874954224,7988.15576171875,173.05914306640625,1.0120869874954224,8161.41015625,177.3645477294922,1.019163966178894,7958.8505859375,171.29977416992188,1.0010069608688354,8149.876953125,176.3643798828125,1.0018160343170166,13160830305,5852890674,15827357439,2,0,1,0,13,0,2,0,0,1
2019-10-13,8321.005859375,182.0751495361328,1.0049420595169067,8321.005859375,182.0751495361328,1.0049420595169067,8470.98828125,185.0759124755859,1.0166000127792358,8276.6123046875,180.3171539306641,1.000830054283142,8336.90234375,180.86131286621097,1.0044080018997192,13808286059,6733182273,16192755686,1,0,1,0,11,0,2,0,0,0
2019-10-20,8222.078125,175.5343780517578,1.0028860569000244,8222.078125,175.5343780517578,1.0028860569000244,8281.818359375,176.71868896484375,1.0098819732666016,7949.439453125,171.21072387695313,0.9976779818534852,7997.80712890625,172.97476196289063,1.0061869621276855,15504249442,6801091120,19329244106,2,0,1,0,14,0,3,0,0,0
2019-10-27,9551.71484375,184.24221801757813,1.004241943359375,9551.71484375,184.24221801757813,1.004241943359375,9749.529296875,188.15533447265625,1.012699007987976,9112.5419921875,177.68235778808594,0.977020025253296,9241.70703125,179.93263244628906,1.0017449855804443,32593129501,10815941952,40519447549,2,0,1,0,14,0,2,0,0,0
2019-11-03,9235.3544921875,182.42501831054688,1.0044469833374023,9235.3544921875,182.42501831054688,1.0044469833374023,9379.806640625,185.0242156982422,1.0131340026855469,9141.251953125,179.81814575195313,0.9985269904136658,9324.787109375,183.9948272705078,1.0050790309906006,21132220847,8760247744,24597499287,2,0,1,0,12,0,2,0,0,0
2019-11-10,9055.5263671875,189.4772796630859,1.002694010734558,9055.5263671875,189.4772796630859,1.002694010734558,9103.826171875,190.9206085205078,1.008126974105835,8806.162109375,184.6867828369141,0.9881439805030824,8812.4892578125,184.943359375,1.0002219676971436,20587919881,8752784211,24552202767,1,0,1,0,11,0,2,0,0,0
2019-11-17,8577.9755859375,185.1192321777344,1.0084710121154783,8577.9755859375,185.1192321777344,1.0084710121154783,8727.7890625,188.19134521484375,1.0191750526428225,8500.9677734375,182.33680725097656,1.004451036453247,8549.470703125,183.350830078125,1.0068390369415283,18668638897,7364325471,20418489157,2,0,1,0,13,0,2,0,0,0
2019-11-24,7047.9169921875,142.83470153808594,1.0175189971923828,7047.9169921875,142.83470153808594,1.0175189971923828,7408.5771484375,153.96591186523438,1.0286420583724976,7029.2890625,142.83470153808594,1.002351999282837,7398.6337890625,153.43052673339844,1.0135029554367063,30433517289,7782769098,25990545761,1,0,1,0,13,0,2,0,0,0
2019-12-01,7424.29248046875,151.18572998046875,1.0024809837341309,7424.29248046875,151.18572998046875,1.0024809837341309,7571.6162109375,152.49192810058594,1.0231980085372925,7291.341796875,147.06793212890625,0.9950799942016602,7571.6162109375,152.49192810058594,1.001816987991333,18720708479,7102780298,21027847332,1,0,1,0,11,0,2,0,0,0
2019-12-08,7564.34521484375,151.2647247314453,1.006376028060913,7564.34521484375,151.2647247314453,1.006376028060913,7634.6064453125,152.39292907714844,1.013036012649536,7476.09130859375,148.31333923339844,1.0021450519561768,7551.3388671875,148.74368286132813,1.0073950290679932,15409908086,6441727252,16556799286,1,0,1,0,11,0,2,0,0,0
2019-12-15,7152.3017578125,143.114990234375,1.0046160221099854,7152.3017578125,143.114990234375,1.0046160221099854,7181.07568359375,143.92535400390625,1.0207209587097168,6924.3759765625,139.4269561767578,0.9839069843292236,7124.23974609375,142.864990234375,1.0057120323181152,16881129804,7235153411,19575469230,2,0,1,0,11,0,2,0,0,0
2019-12-22,7511.5888671875,132.3725128173828,1.0038870573043823,7511.5888671875,132.3725128173828,1.0038870573043823,7518.033203125,133.1600341796875,1.0127769708633425,7167.17919921875,127.9284896850586,0.9990440011024476,7191.1884765625,128.09812927246094,1.0058029890060425,23134537956,9121058481,26913344236,1,0,1,0,11,0,2,0,0,0
2019-12-29,7422.65283203125,134.7579803466797,1.0042099952697754,7422.65283203125,134.7579803466797,1.0042099952697754,7513.9482421875,136.8112030029297,1.0286890268325806,7279.865234375,127.9976577758789,0.99966698884964,7317.6474609375,128.26687622070313,1.0060709714889526,22445257702,9708776786,26657374932,1,0,1,0,11,1,2,0,0,0
2020-01-05,7411.3173828125,136.2767791748047,1.0061969757080078,7411.3173828125,136.2767791748047,1.0061969757080078,7544.4970703125,139.4102020263672,1.0161609649658203,7400.53564453125,135.04562377929688,1.0017579793930054,7410.45166015625,135.0720977783203,1.009920954704285,19725074095,7526675353,24090142146,2,0,1,0,14,1,2,0,0,0
2020-01-12,8192.494140625,145.87393188476563,1.002478003501892,8192.494140625,145.87393188476563,1.002478003501892,8200.0634765625,146.14585876464844,1.009358048439026,8009.05908203125,142.7076416015625,0.9944459795951844,8033.26171875,143.0325469970703,0.999442994594574,22903438381,8528167453,27250055613,2,0,1,0,14,1,3,0,0,1
2020-01-19,8706.2451171875,166.9698486328125,0.9985349774360656,8706.2451171875,166.9698486328125,0.9985349774360656,9164.3623046875,177.2476348876953,1.0259120464324951,8620.080078125,163.67686462402344,0.9930840134620668,8941.4453125,175.46759033203125,1.000910997390747,34217320471,13713374132,42680566067,2,0,1,0,12,1,2,0,0,0
2020-01-26,8596.830078125,168.0771026611328,1.0005040168762207,8596.830078125,168.0771026611328,1.0005040168762207,8602.4013671875,168.22032165527344,1.0083370208740234,8325.498046875,160.2811279296875,0.9973589777946472,8364.41015625,161.17681884765625,1.001947045326233,22177678796,9261861590,29121614731,2,0,1,0,13,1,2,0,0,0
2020-02-02,9344.365234375,188.61753845214844,1.0005439519882202,9344.365234375,188.61753845214844,1.0005439519882202,9468.7978515625,193.0803985595703,1.008178949356079,9217.82421875,180.1739501953125,0.9960960149765016,9389.8203125,183.53250122070313,1.0016080141067505,30835736946,14054425389,40560625161,2,0,1,0,14,1,3,0,0,1
2020-02-09,10116.673828125,228.5785675048828,1.0014729499816897,10116.673828125,228.5785675048828,1.0014729499816897,10129.435546875,229.86424255371097,1.0080289840698242,9850.392578125,222.98223876953125,0.9955700039863586,9863.89453125,222.98223876953125,0.9994410276412964,35807884663,15031356241,44977724508,3,0,1,0,17,1,3,0,0,1
2020-02-16,9934.43359375,259.89471435546875,0.9992719888687134,9934.43359375,259.89471435546875,0.9992719888687134,10053.96875,272.8824462890625,1.0141849517822266,9722.38671875,242.48440551757813,0.99515300989151,9889.1796875,264.904052734375,0.9988570213317872,43374780305,25152366643,60160518246,2,0,1,0,15,1,3,0,0,1
2020-02-23,9924.515625,273.754150390625,0.9980170130729676,9924.515625,273.754150390625,0.9980170130729676,9937.404296875,273.754150390625,1.0042229890823364,9657.791015625,261.96051025390625,0.992563009262085,9663.318359375,262.2784118652344,1.002599000930786,41185185761,19585998814,47448629411,2,0,1,0,15,1,3,0,0,1
2020-03-01,8562.4541015625,218.97059631347656,1.0004980564117432,8562.4541015625,218.97059631347656,1.0004980564117432,8726.796875,226.67788696289065,1.007101058959961,8471.212890625,214.13043212890625,0.9950039982795716,8599.7587890625,219.752685546875,1.0063400268554688,35349164300,18179807469,45828960109,2,0,1,0,13,1,2,0,0,1
2020-03-08,8108.1162109375,200.6890563964844,1.0097750425338743,8108.1162109375,200.6890563964844,1.0097750425338743,8914.34375,237.7806854248047,1.0217939615249634,8105.2529296875,200.6029815673828,0.997991979122162,8908.2060546875,237.7806854248047,1.0007840394973757,39973102121,21381823651,54758243672,2,0,1,0,24,1,4,0,0,1
2020-03-15,5392.31494140625,125.21430206298828,1.0019869804382324,5392.31494140625,125.21430206298828,1.0019869804382324,5836.64501953125,132.2421417236328,1.0185699462890625,5169.283203125,121.85365295410156,0.9913420081138612,5201.06689453125,123.24606323242188,1.0002340078353882,33997889639,12719251813,43945453268,2,0,1,0,26,1,4,0,0,1
2020-03-22,5830.2548828125,123.32115173339844,0.9990320205688475,5830.2548828125,123.32115173339844,0.9990320205688475,6359.697265625,136.15164184570313,1.0160139799118042,5823.7138671875,122.90933227539063,0.984272003173828,6185.55810546875,132.85113525390625,1.0000920295715332,40099664740,12497707224,49036623749,2,0,1,0,19,1,3,0,0,0
2020-03-29,5922.04296875,125.58373260498048,1.0019630193710327,5922.04296875,125.58373260498048,1.0019630193710327,6250.46728515625,131.17408752441406,1.0138720273971558,5920.0859375,125.4500503540039,0.9952710270881652,6245.62451171875,131.0153350830078,0.999705970287323,28373690931,9938133669,35069971228,2,0,1,0,16,1,3,0,0,0
2020-04-05,6791.12939453125,143.54664611816406,1.00285005569458,6791.12939453125,143.54664611816406,1.00285005569458,6883.4140625,146.12852478027344,1.0066590309143066,6715.92919921875,142.10208129882813,0.9971190094947816,6862.53759765625,145.26101684570313,1.004809021949768,29510409856,11280993591,35625789596,2,0,1,0,16,1,3,0,0,1
2020-04-12,6971.091796875,161.14242553710938,1.0081690549850464,6971.091796875,161.14242553710938,1.0081690549850464,7119.947265625,164.51695251464844,1.010043025016785,6811.078125,156.3205108642578,0.9916729927062988,6858.06787109375,158.23239135742188,0.997650980949402,35759567632,15123721386,44856466500,2,0,1,0,16,1,3,0,0,1
2020-04-19,7189.4248046875,181.61495971679688,1.0077040195465088,7189.4248046875,181.61495971679688,1.0077040195465088,7280.52197265625,188.0989227294922,1.017168045043945,7167.0546875,180.12081909179688,0.9991509914398192,7260.92236328125,186.8619842529297,1.000627040863037,31311210215,19146038381,44414316787,2,0,1,0,16,1,3,0,0,1
2020-04-26,7679.8671875,197.31753540039065,1.0003119707107544,7679.8671875,197.31753540039065,1.0003119707107544,7700.59423828125,199.344970703125,1.0149940252304075,7561.40771484375,194.76806640625,0.9956340193748474,7570.13916015625,195.41358947753903,1.0048400163650513,33070154491,18335367012,46243541830,2,0,1,0,20,1,3,0,0,1
2020-05-03,8897.46875,210.9331512451172,1.0035079717636108,8897.46875,210.9331512451172,1.0035079717636108,9167.78125,219.2708740234375,1.0138930082321167,8830.9716796875,208.69236755371097,0.999206006526947,8983.6142578125,215.35206604003903,1.0048340559005735,47101785174,20469034664,58963072938,2,0,1,0,23,1,4,0,0,1
2020-05-10,8756.4306640625,188.5995635986328,1.0010550022125244,8756.4306640625,188.5995635986328,1.0010550022125244,9595.5810546875,211.5522003173828,1.0604850053787231,8395.107421875,182.7111663818359,0.9869790077209472,9591.1689453125,211.5522003173828,1.0050159692764282,63325279337,25211575193,79545041693,2,0,1,0,26,1,4,0,0,1
2020-05-17,9670.7392578125,207.15869140625,1.0015900135040283,9670.7392578125,207.15869140625,1.0015900135040283,9823.001953125,209.1609344482422,1.005424976348877,9349.5458984375,200.1027984619141,0.9915779829025269,9374.9296875,200.60887145996097,1.0001920461654663,40084250663,15470397303,45525203695,2,0,1,0,18,1,3,0,0,1
2020-05-24,8790.3681640625,202.3703460693359,1.0010889768600464,8790.3681640625,202.3703460693359,1.0010889768600464,9288.404296875,210.59507751464844,1.0156869888305664,8787.2509765625,202.3703460693359,0.995414972305298,9212.283203125,208.716064453125,1.0055840015411377,32518803300,11833299572,38944229194,2,0,1,0,17,1,3,0,0,1
2020-05-31,9461.05859375,230.9757080078125,0.9980329871177672,9461.05859375,230.9757080078125,0.9980329871177672,9700.34375,244.04525756835935,1.006363034248352,9432.296875,230.0528259277344,0.9945039749145508,9700.10546875,242.35137939453125,1.0004149675369265,27773290299,12234904813,35009124470,2,0,1,0,17,1,3,0,0,1
2020-06-07,9758.8525390625,245.1672515869141,1.0030139684677124,9758.8525390625,245.1672515869141,1.0030139684677124,9768.498046875,245.4352569580078,1.0066670179367063,9458.150390625,236.32525634765625,0.9959390163421632,9653.0029296875,241.9080810546875,0.9993939995765686,25015250846,9544883157,29418233806,2,0,1,0,15,1,3,0,0,1
2020-06-14,9386.7880859375,234.1147003173828,1.0054470300674438,9386.7880859375,234.1147003173828,1.0054470300674438,9482.2705078125,239.10145568847656,1.009179949760437,9347.59375,232.95819091796875,0.9976819753646852,9477.5537109375,238.9681854248047,1.001999020576477,18991732746,7439385176,21206505066,2,0,1,0,14,1,3,0,0,1
2020-06-21,9303.6298828125,228.9898223876953,1.0013630390167236,9303.6298828125,228.9898223876953,1.0013630390167236,9401.107421875,232.35894775390625,1.0046629905700684,9300.4306640625,228.4929962158203,0.9962350130081176,9330.9267578125,229.2161407470703,0.9986810088157654,15324301169,5600408178,18590123868,2,0,1,0,13,1,3,0,0,1
2020-06-28,9143.58203125,225.34716796875,1.0025149583816528,9143.58203125,225.34716796875,1.0025149583816528,9197.546875,228.59828186035156,1.0142569541931152,8975.525390625,219.47267150878903,0.989537000656128,9048.4609375,222.91448974609375,1.0039290189743042,14560870760,6205925718,18015458533,2,0,1,0,12,1,2,0,0,1
2020-07-05,9073.9423828125,227.6645965576172,0.998898983001709,9073.9423828125,227.6645965576172,0.998898983001709,9162.18359375,229.85671997070313,1.005642056465149,8977.015625,224.54449462890625,0.9968460202217102,9126.0908203125,228.9761962890625,1.0002340078353882,12903406143,5292172429,18453609716,2,0,1,0,13,1,2,0,0,1
2020-07-12,9276.5,242.13169860839844,0.9986339807510376,9276.5,242.13169860839844,0.9986339807510376,9319.4189453125,243.31114196777344,1.0049309730529783,9197.4501953125,237.7702178955078,0.9971309900283812,9241.0546875,239.4596405029297,1.0009269714355469,14452361907,6596394718,18560508406,3,0,1,0,15,1,2,0,0,1
2020-07-19,9185.8173828125,238.48751831054688,0.9983519911766052,9185.8173828125,238.48751831054688,0.9983519911766052,9201.3984375,239.1606903076172,1.0052889585494995,9097.6328125,233.2797393798828,0.994717001914978,9158.005859375,235.4582977294922,0.9986690282821656,12939002784,6251377305,16068695380,3,0,1,0,13,1,3,0,0,1
2020-07-26,9905.1669921875,309.64361572265625,0.9988710284233092,9905.1669921875,309.64361572265625,0.9988710284233092,10023.8076171875,316.3863220214844,1.009557008743286,9652.84765625,300.267822265625,0.9938570261001588,9680.234375,303.6923828125,0.998049020767212,20507998997,12003973026,28852807826,3,0,1,0,21,2,4,0,0,1
2020-08-02,11053.6142578125,370.6717224121094,0.997851014137268,11053.6142578125,370.6717224121094,0.997851014137268,12034.14453125,411.2283020019531,1.0563730001449585,11018.1298828125,357.1436462402344,0.99153900146484375,11758.7646484375,385.54986572265625,0.9969000220298768,27410067336,18909744275,43620863810,3,0,1,0,18,2,4,0,0,1
2020-08-09,11675.7392578125,391.1204528808594,1.0031700134277344,11675.7392578125,391.1204528808594,1.0031700134277344,11806.056640625,399.7370910644531,1.009511947631836,11548.7841796875,385.8307189941406,0.9986180067062378,11737.3251953125,395.30523681640625,0.9998279809951782,17489608833,9451065592,26113895986,3,0,1,0,18,2,3,0,0,1
2020-08-16,11892.8037109375,433.78662109375,1.0018810033798218,11892.8037109375,433.78662109375,1.0018810033798218,11934.9013671875,436.2658386230469,1.0085450410842896,11737.1884765625,415.0862426757813,0.9979079961776732,11866.685546875,433.3505859375,1.0010930299758911,20583375490,12168816874,35603319606,3,0,1,0,17,2,3,0,0,1
2020-08-23,11664.84765625,391.3844909667969,1.0023449659347534,11664.84765625,391.3844909667969,1.0023449659347534,11713.4296875,396.4904174804687,1.0042649507522583,11559.9208984375,385.039794921875,0.9981489777565002,11679.6962890625,395.5628356933594,1.001263976097107,18482062658,8137303970,29187550605,3,0,1,0,14,1,3,0,0,1
2020-08-30,11711.505859375,428.3957214355469,1.0011730194091797,11711.505859375,428.3957214355469,1.0011730194091797,11715.2646484375,428.6639709472656,1.0051870346069336,11492.3818359375,399.6083679199219,0.9985820055007936,11508.7138671875,399.61669921875,1.0035710334777832,19760127945,11211948040,36153398644,3,0,1,0,15,2,3,0,0,1
2020-09-06,10280.3515625,353.3622741699219,1.0028380155563354,10280.3515625,353.3622741699219,1.0028380155563354,10353.927734375,359.7640380859375,1.006930947303772,10056.8857421875,319.0419006347656,0.9954320192337036,10167.216796875,335.3345642089844,1.0011650323867798,37071460174,27643678917,66315625008,3,0,1,0,13,1,3,0,0,1
2020-09-13,10323.755859375,365.5700073242187,0.9992129802703856,10323.755859375,365.5700073242187,0.9992129802703856,10577.21484375,388.9598083496094,1.0074729919433594,10224.330078125,354.3401794433594,0.995755970478058,10452.3994140625,387.519287109375,1.0011630058288574,36506852789,15005899191,46330693824,3,0,1,0,13,1,3,0,0,1
2020-09-20,10938.271484375,371.0528259277344,1.002653956413269,10938.271484375,371.0528259277344,1.002653956413269,11095.8701171875,385.5979919433594,1.0076210498809814,10814.4775390625,367.0943603515625,0.9969140291213988,11095.8701171875,385.5979919433594,1.002246975898743,24699523788,12292195784,39841903146,2,0,1,0,12,1,2,0,0,1
2020-09-27,10775.26953125,357.4385070800781,1.0014859437942505,10775.26953125,357.4385070800781,1.0014859437942505,10803.9765625,361.9844055175781,1.0040220022201538,10622.921875,349.8340759277344,0.9998199939727784,10746.892578125,354.95989990234375,1.002074956893921,53745972818,13598126926,36832675909,2,0,1,0,12,1,2,0,0,1
2020-10-04,10669.5830078125,352.5790100097656,1.001358985900879,10669.5830078125,352.5790100097656,1.001358985900879,10686,354.0457458496094,1.0016859769821167,10534.3916015625,345.1310119628906,1.001114010810852,10550.4404296875,346.60223388671875,1.001114010810852,71251776995,10696959020,30365398041,2,0,1,0,11,1,2,0,0,1
2020-10-11,11384.181640625,375.1420593261719,1.0007339715957642,11384.181640625,375.1420593261719,1.0007339715957642,11428.8134765625,377.2467956542969,1.0012609958648682,11288.6279296875,369.8280334472656,1.0005110502243042,11296.08203125,370.9284362792969,1.0009310245513916,19968627060,12584512533,36190854082,2,0,1,0,12,1,2,0,0,1
2020-10-18,11483.359375,378.2136840820313,1.0007840394973757,11483.359375,378.2136840820313,1.0007840394973757,11483.359375,378.59765625,1.0009440183639526,11347.578125,368.129150390625,1.000602960586548,11355.982421875,368.7275390625,1.0007150173187256,18283314340,11047103109,29893695719,2,0,1,0,16,1,3,0,0,1
2020-10-25,13031.173828125,406.2177734375,1.0007209777832031,13031.173828125,406.2177734375,1.0007209777832031,13329.18359375,417.1592102050781,1.0012869834899902,12910.0615234375,405.35064697265625,1.0006990432739258,13108.0634765625,412.4576416015625,1.0009089708328247,24406920575,10890207469,37992408340,2,0,1,0,18,1,3,0,0,1
2020-11-01,13737.109375,396.3581848144531,1.000378966331482,13737.109375,396.3581848144531,1.000378966331482,13862.033203125,397.1161193847656,1.000538945198059,13628.3779296875,385.16552734375,1.0001200437545776,13780.9951171875,386.59033203125,1.0002000331878662,24453857900,10475146018,34361640768,2,0,1,0,19,1,4,0,0,1
2020-11-08,15479.5673828125,453.5547790527344,1.000846028327942,15479.5673828125,453.5547790527344,1.000846028327942,15637.3203125,457.7804565429687,1.0017770528793335,14744.1103515625,433.1537780761719,1.0004539489746094,14833.75390625,435.71881103515625,1.001575946807861,26632075029,11292383601,36518314883,3,0,1,0,20,1,4,0,0,1
2020-11-15,15955.587890625,447.55908203125,1.000646948814392,15955.587890625,447.55908203125,1.000646948814392,16123.1103515625,460.99407958984375,1.000810980796814,15793.5341796875,440.25433349609375,0.9999939799308776,16068.1396484375,460.14990234375,1.000288009643555,23653867583,10308617165,34845215193,3,0,1,0,29,2,5,0,0,1
2020-11-22,18370.001953125,558.068115234375,0.9992030262947084,18370.001953125,558.068115234375,0.9992030262947084,18688.96875,579.37249755859375,1.0004589557647705,17671.384765625,514.5172119140625,0.9980210065841676,18642.232421875,549.48663330078125,0.998874008655548,41280434226,21967049601,80187383235,4,0,2,0,31,3,5,0,0,1
2020-11-29,18177.484375,575.758056640625,1.000890016555786,18177.484375,575.758056640625,1.000890016555786,18283.62890625,576.6024169921875,1.001338005065918,17559.1171875,531.987548828125,1.000599026679993,17719.634765625,538.26458740234375,1.0009809732437134,31133957704,15017517758,56283936388,3,0,1,0,27,2,5,0,0,1
2020-12-06,19345.12109375,601.90899658203125,1.001202940940857,19345.12109375,601.90899658203125,1.001202940940857,19390.5,606.79193115234375,1.001291036605835,18897.89453125,584.4117431640625,1.000309944152832,19154.1796875,596.56866455078125,1.0005749464035034,25293775714,11290893016,41702527218,3,0,1,0,22,1,4,0,0,1
2020-12-13,19142.3828125,589.6632080078125,0.9999520182609558,19142.3828125,589.6632080078125,0.9999520182609558,19381.53515625,593.78125,1.0006510019302368,18734.33203125,564.56597900390625,0.9998390078544616,18806.765625,568.60986328125,1.0004500150680542,25450468637,9070377862,39919658599,3,0,2,0,34,2,6,0,0,1
2020-12-20,23477.294921875,638.29083251953125,0.9996430277824402,23477.294921875,638.29083251953125,0.9996430277824402,24209.66015625,659.9237060546875,1.0005110502243042,23147.7109375,625.01446533203125,0.9995139837265016,23861.765625,659.18505859375,1.0004600286483765,37844228422,13375855442,62633975828,4,0,2,0,35,2,6,0,0,1
2020-12-27,26272.294921875,682.642333984375,0.9988539814949036,26272.294921875,682.642333984375,0.9988539814949036,28288.83984375,711.3935546875,0.999144971370697,25922.76953125,628.3349609375,0.9964889883995056,26439.373046875,635.88714599609375,0.998462975025177,66479895605,26093552821,95264858228,5,0,2,0,54,4,9,0,0,1
2021-01-03,32782.0234375,975.5076904296876,1.000514030456543,32782.0234375,975.5076904296876,1.000514030456543,34608.55859375,1006.5650024414063,1.0019019842147827,32052.31640625,771.5616455078125,0.9991689920425416,32129.408203125,774.5118408203125,1.000427007675171,78665235202,45200463368,120425679796,8,0,4,0,82,10,12,0,0,3
2021-01-10,38356.44140625,1262.2467041015625,1.0002230405807495,38356.44140625,1262.2467041015625,1.0002230405807495,41420.19140625,1347.9261474609375,1.002925992012024,35984.62890625,1194.715576171875,0.9985399842262268,40254.21875,1280.87109375,1.0029239654541016,79980747690,40616938053,135437984723,7,0,4,0,81,8,11,1,1,2
2021-01-17,35791.27734375,1230.1722412109375,1.00041401386261,35791.27734375,1230.1722412109375,1.00041401386261,36722.3515625,1265.6446533203125,1.0007230043411257,34069.3203125,1174.3885498046875,0.9992120265960692,36163.6484375,1233.453369140625,1.000226974487305,52359854336,29258032819,91132972168,6,0,3,0,55,6,8,0,0,2
2021-01-24,32289.37890625,1391.609375,1.00141704082489,32289.37890625,1391.609375,1.00141704082489,32944.0078125,1395.111328125,1.0031269788742063,31106.685546875,1225.2740478515625,1.00027596950531,32064.376953125,1231.2105712890625,1.0005550384521484,48643830599,36418163554,84413124756,9,0,4,0,51,6,7,0,0,2
2021-01-31,33114.359375,1314.9862060546875,1.0008080005645752,33114.359375,1314.9862060546875,1.0008080005645752,34288.33203125,1378.916015625,1.001312017440796,32270.17578125,1288.5015869140625,1.0002620220184326,34270.87890625,1376.8236083984375,1.0012199878692627,52754542671,25198853581,101327508212,12,1,5,0,45,8,7,1,0,3
2021-02-07,38903.44140625,1614.227783203125,1.0012110471725464,38903.44140625,1614.227783203125,1.0012110471725464,39621.8359375,1690.03662109375,1.001482009887695,37446.15234375,1501.750244140625,1.0003080368041992,39250.19140625,1677.605712890625,1.0011240243911743,65500641143,39889440151,130348566847,15,1,7,0,78,8,10,1,0,3
2021-02-14,48717.2890625,1805.0841064453125,1.0007460117340088,48717.2890625,1805.0841064453125,1.0007460117340088,49487.640625,1848.154052734375,1.0012279748916626,47114.5078125,1789.9141845703125,1.0001180171966553,47114.5078125,1814.372314453125,1.000802993774414,71248675228,31439114900,138353850761,15,1,5,0,74,8,11,1,0,3
2021-02-21,57539.9453125,1935.60107421875,1.000331997871399,57539.9453125,1935.60107421875,1.000331997871399,58330.5703125,1974.2596435546875,1.000825047492981,55672.609375,1890.3681640625,0.9997659921646118,56068.56640625,1918.673095703125,1.0000799894332886,51897585191,23626547717,102446076715,13,1,5,0,83,8,11,1,0,3
2021-02-28,45137.76953125,1416.0489501953125,1.00211501121521,45137.76953125,1416.0489501953125,1.00211501121521,46716.4296875,1468.3914794921875,1.0024839639663696,43241.6171875,1300.47216796875,1.0008330345153809,46194.015625,1459.8604736328125,1.001220941543579,53443887451,27637026080,106489914975,10,0,3,0,55,6,8,1,0,2
2021-03-07,51206.69140625,1723.15380859375,1.0003180503845217,51206.69140625,1723.15380859375,1.0003180503845217,51384.3671875,1730.9241943359375,1.0005970001220703,48918.6796875,1636.564453125,1.0000050067901611,48918.6796875,1655.3924560546875,1.0001269578933716,43137459378,23809935410,70107811561,12,1,3,0,53,6,8,1,0,2
2021-03-14,59302.31640625,1854.5643310546875,0.9997910261154176,59302.31640625,1854.5643310546875,0.9997910261154176,61597.91796875,1930.77978515625,1.0003429651260376,59302.31640625,1845.1199951171875,0.9994739890098572,61221.1328125,1923.86376953125,0.9998300075531006,43901225564,19344589211,83527066354,13,1,4,0,55,5,8,1,0,2
2021-03-21,57523.421875,1788.217041015625,1.0012799501419067,57523.421875,1788.217041015625,1.0012799501419067,58767.8984375,1823.35302734375,1.0029319524765017,56005.6171875,1764.1392822265625,0.999538004398346,58309.9140625,1812.6065673828125,1.0022640228271484,51943414539,22977404620,75434025575,12,1,3,0,49,5,7,1,0,2
2021-03-28,55950.74609375,1691.35595703125,1.0006070137023926,55950.74609375,1691.35595703125,1.0006070137023926,56610.3125,1728.5841064453125,1.002413034439087,55071.11328125,1672.660400390625,1.000082015991211,55974.94140625,1716.4056396484375,1.0005029439926147,47686580918,16599472938,69313550904,13,1,4,0,45,6,7,1,0,2
2021-04-04,58758.5546875,2093.122802734375,1.0034019947052002,58758.5546875,2093.122802734375,1.0034019947052002,58913.74609375,2110.353515625,1.011515974998474,57168.67578125,2007.11181640625,1.001081943511963,57604.83984375,2027.6712646484375,1.0031449794769287,50749662970,26006501902,99459708393,15,1,4,0,41,6,7,1,0,2
2021-04-11,60204.96484375,2157.656982421875,1.0021770000457764,60204.96484375,2157.656982421875,1.0021770000457764,60790.5546875,2165.19140625,1.0025830268859863,59289.796875,2119.86572265625,0.9986940026283264,59846.23046875,2136.156982421875,1.0005240440368652,46280252580,19692836132,100277986732,21,1,7,0,56,8,8,2,0,3
2021-04-18,56216.18359375,2237.136962890625,1.0001039505004885,56216.18359375,2237.136962890625,1.0001039505004885,61057.45703125,2365.46044921875,1.0280450582504272,52829.53515625,2011.766845703125,0.9998000264167786,60701.88671875,2346.452392578125,1.011404037475586,97468872758,50696368718,226468468195,28,2,8,0,69,8,11,2,0,2
2021-04-25,49004.25390625,2316.0595703125,0.9999340176582336,49004.25390625,2316.0595703125,0.9999340176582336,50506.01953125,2354.086669921875,1.0002000331878662,47159.484375,2172.51513671875,0.9998000264167786,50052.83203125,2214.413818359375,1.0001360177993774,46117114240,31814355546,91733321074,20,1,6,0,52,8,8,1,0,3
2021-05-02,56631.078125,2952.05615234375,1.0001319646835327,56631.078125,2952.05615234375,1.0001319646835327,57902.59375,2984.891845703125,1.0002000331878662,56141.90625,2860.526123046875,0.9998000264167786,57825.86328125,2945.56005859375,0.9999120235443116,38177405335,28032013047,87140031400,30,2,10,1,44,16,6,2,0,4
2021-05-09,58232.31640625,3928.8447265625,1.0000580549240112,58232.31640625,3928.8447265625,1.0000580549240112,59210.8828125,3981.259033203125,1.0002000331878662,56482.00390625,3743.989013671875,0.999800980091095,58877.390625,3911.463134765625,1.000167965888977,65906690347,50568290278,177124716916,36,3,12,1,60,17,8,2,1,5
2021-05-16,46456.05859375,3587.506103515625,0.9999750256538392,46456.05859375,3587.506103515625,0.9999750256538392,49720.04296875,3878.89599609375,1.0001989603042605,43963.3515625,3350.95166015625,0.999800980091095,46716.63671875,3641.830810546875,1.0001239776611328,64047871555,47359478734,156189820298,33,2,12,1,100,15,14,2,0,4
2021-05-23,34770.58203125,2109.579833984375,1.0016740560531616,34770.58203125,2109.579833984375,1.0016740560531616,38289.21875,2384.41162109375,1.0019960403442385,31227.33984375,1737.46875,1.000445008277893,37531.44921875,2298.3671875,1.0015690326690674,78469274361,56005721977,166357484552,22,1,7,0,72,12,10,1,0,3
2021-05-30,35678.12890625,2390.305419921875,1.0000629425048828,35678.12890625,2390.305419921875,1.0000629425048828,36400.66796875,2472.187744140625,1.0008209943771362,33520.73828125,2188.83447265625,0.9996500015258788,34607.40625,2278.288818359375,1.000372052192688,31646080921,25876619428,76081689608,16,1,6,0,54,8,7,1,0,2
2021-06-06,35862.37890625,2715.0927734375,1.0008399486541748,35862.37890625,2715.0927734375,1.0008399486541748,36436.421875,2743.441162109375,1.0010210275650024,35304.578125,2616.162353515625,1.0002789497375488,35538.609375,2629.748779296875,1.0004700422286987,28913440585,25311639414,54108953419,14,1,5,0,54,7,7,1,0,2
2021-06-13,39097.859375,2508.3916015625,0.99973297119140625,39097.859375,2508.3916015625,0.99973297119140625,39322.78125,2547.367919921875,1.0012919902801514,34864.109375,2312.64013671875,0.9995689988136292,35555.7890625,2372.690185546875,1.0011370182037354,40669112838,27092945370,62855843708,12,1,4,0,41,5,6,1,0,2
2021-06-20,35698.296875,2246.364501953125,1.0008749961853027,35698.296875,2246.364501953125,1.0008749961853027,36059.484375,2275.3828125,1.0016119480133057,33432.07421875,2049.962646484375,1.0003479719161987,35563.140625,2171.337890625,1.0015480518341064,36664034054,22535930423,57176763747,12,1,4,0,51,6,7,1,0,2
2021-06-27,34649.64453125,1978.8946533203125,1.000641942024231,34649.64453125,1978.8946533203125,1.000641942024231,34656.12890625,1979.9581298828125,1.0019999742507937,32071.7578125,1811.245849609375,1.0005240440368652,32287.5234375,1830.9969482421875,1.0012600421905518,35511640894,19885474742,53158745469,10,1,3,0,36,5,5,1,0,2
2021-07-04,35287.78125,2321.72412109375,0.9995009899139404,35287.78125,2321.72412109375,0.9995009899139404,35937.56640625,2384.286865234375,1.0001649856567385,34396.4765625,2190.837646484375,0.9989020228385924,34665.56640625,2226.55029296875,0.999987006187439,24924307911,18787107473,43066655708,9,0,3,0,27,5,4,1,0,2
2021-07-11,34240.1875,2139.664794921875,1.0002249479293823,34240.1875,2139.664794921875,1.0002249479293823,34584.703125,2172.6533203125,1.0010930299758911,33346.73828125,2083.8037109375,0.9999189972877502,33509.078125,2110.875732421875,1.0000510215759275,20108729370,14705386138,33700882503,9,0,3,0,30,4,4,1,0,2
2021-07-18,31796.810546875,1895.5521240234375,1.00062096118927,31796.810546875,1895.5521240234375,1.00062096118927,32398.99609375,1988.33642578125,1.000769019126892,31215.4921875,1883.0125732421875,0.9995629787445068,31533.884765625,1900.1943359375,1.0005580186843872,18787986667,13791868728,36385511871,9,0,3,0,35,5,5,1,0,2
2021-07-25,35350.1875,2191.373779296875,1.000162959098816,35350.1875,2191.373779296875,1.000162959098816,35364.92578125,2194.438232421875,1.0007799863815308,33881.8359375,2108.829833984375,0.999206006526947,34290.29296875,2187.1455078125,1.0006920099258425,20856685287,14566483636,45864253744,10,0,3,0,39,5,7,1,0,2
2021-08-01,39974.89453125,2561.85205078125,1.0003410577774048,39974.89453125,2561.85205078125,1.0003410577774048,42541.6796875,2695.429443359375,1.0007200241088867,39540.94140625,2520.931884765625,0.9998959898948668,41460.84375,2530.462890625,1.0004489421844482,26688438115,22697987055,56095370226,10,0,3,0,32,7,5,1,0,3
2021-08-08,43798.1171875,3013.732666015625,1.0002490282058716,43798.1171875,3013.732666015625,1.0002490282058716,45282.3515625,3184.60400390625,1.0005569458007813,43331.91015625,2951.747314453125,0.9999150037765504,44574.4375,3161.232666015625,1.000537991523743,36302664750,28433638008,74286538738,13,1,4,0,37,7,6,1,0,3
2021-08-15,47047.00390625,3310.504150390625,1.000643014907837,47047.00390625,3310.504150390625,1.000643014907837,47357.10546875,3320.084228515625,1.0015289783477783,45579.58984375,3117.791748046875,1.0001319646835327,47096.66796875,3266.276123046875,1.0006890296936035,30988958446,22166205051,77556076133,14,1,4,0,33,6,6,1,0,2
2021-08-22,49321.65234375,3242.115478515625,1.0008790493011477,49321.65234375,3242.115478515625,1.0008790493011477,49471.609375,3272.733154296875,1.001937985420227,48199.94140625,3142.007080078125,0.9998310208320618,48869.10546875,3226.227294921875,1.000669002532959,25370975378,15983278460,63054090156,15,1,3,0,34,5,5,1,0,2
2021-08-29,48829.83203125,3227.002685546875,1.0012249946594238,48829.83203125,3227.002685546875,1.0012249946594238,49644.11328125,3283.235595703125,1.0015790462493896,47925.85546875,3158.84033203125,1.0001360177993774,48911.25,3246.77099609375,1.0005749464035034,25889650240,13296586731,61330496817,14,1,3,0,29,7,5,1,0,3
2021-09-05,51753.41015625,3952.133544921875,1.0002609491348269,51753.41015625,3952.133544921875,1.0002609491348269,51868.6796875,3979.1865234375,1.0007109642028809,49538.59765625,3838.4873046875,1.0000590085983276,49937.859375,3886.3310546875,1.0005120038986206,30322676319,18371468576,80204406658,16,1,4,0,39,6,6,1,0,2
2021-09-12,46063.26953125,3410.134521484375,0.9996979832649232,46063.26953125,3410.134521484375,0.9996979832649232,46364.87890625,3462.46826171875,1.0011539459228516,44790.4609375,3235.109375,0.9992709755897522,45206.62890625,3270.291748046875,1.001041054725647,27881980161,16810411424,73080229538,13,1,3,0,27,5,4,1,0,2
2021-09-19,47260.21875,3329.447998046875,1.0004420280456543,47260.21875,3329.447998046875,1.0004420280456543,48328.3671875,3448.322021484375,1.0018370151519775,46919.8046875,3286.17236328125,0.9981870055198668,48268.85546875,3433.287841796875,0.9994900226593018,26967722648,14257609743,55435472929,13,1,3,0,34,5,6,1,0,2
2021-09-26,43208.5390625,3062.265380859375,1.000725030899048,43208.5390625,3062.265380859375,1.000725030899048,43919.30078125,3114.857421875,1.0013519525527954,40848.4609375,2744.5830078125,1.0004199743270874,42721.62890625,2926.343017578125,1.0009050369262695,30661222077,21172766310,78196884599,11,0,3,0,29,4,5,1,0,2
2021-10-03,48199.953125,3418.358642578125,1.0002009868621826,48199.953125,3418.358642578125,1.0002009868621826,49130.69140625,3484.605712890625,1.0006099939346311,47157.2890625,3348.1201171875,0.9997230172157288,47680.02734375,3390.767578125,1.0004220008850098,26638115879,15516566862,61784201197,15,1,4,0,34,5,6,1,0,2
2021-10-10,54771.578125,3425.852783203125,1.0010180473327637,54771.578125,3425.852783203125,1.0010180473327637,56401.3046875,3603.244873046875,1.001126050949097,54264.2578125,3414.970947265625,0.9994660019874572,54952.8203125,3575.0205078125,1.0001280307769775,39527792364,16171746693,69927661418,15,1,4,0,37,5,7,1,0,2
2021-10-17,61553.6171875,3847.1044921875,1.0002800226211548,61553.6171875,3847.1044921875,1.0002800226211548,61645.5234375,3914.89794921875,1.0006810426712036,59164.46875,3660.723388671875,0.999472975730896,60887.65234375,3829.85888671875,1.0000100135803225,29032367511,15908090346,57600914728,17,1,4,0,47,7,8,1,0,3
2021-10-24,60930.8359375,4087.903076171875,1.0002230405807495,60930.8359375,4087.903076171875,1.0002230405807495,61505.8046875,4185.7294921875,1.0010939836502075,59643.34375,3967.120361328125,0.999118983745575,61368.34375,4171.85595703125,1.0008560419082642,27316183882,14978083638,66669467996,25,2,8,0,37,7,6,2,0,3
2021-10-31,61318.95703125,4288.07421875,1.0003759860992432,61318.95703125,4288.07421875,1.0003759860992432,62406.171875,4394.44970703125,1.0016679763793943,60074.328125,4179.01611328125,0.9994400143623352,61850.48828125,4322.744140625,1.000383973121643,32241199927,17498160238,91561112863,29,2,9,0,31,7,5,2,0,3
2021-11-07,63326.98828125,4620.5546875,1.0015170574188232,63326.98828125,4620.5546875,1.0015170574188232,63326.98828125,4640.921875,1.001958966255188,61432.48828125,4510.984375,1.0006309747695925,61554.921875,4523.98193359375,1.001315951347351,24726754302,13541376033,55905241687,26,2,6,0,37,8,6,2,0,3
2021-11-14,65466.83984375,4626.35888671875,1.0003670454025269,65466.83984375,4626.35888671875,1.0003670454025269,65495.1796875,4689.8427734375,1.001952052116394,63647.80859375,4516.935546875,0.9980909824371338,64455.37109375,4648.6328125,1.0008419752120972,25122092191,12172962219,54429579952,26,2,6,0,38,7,6,2,0,3
2021-11-21,58730.4765625,4269.73291015625,1.0008729696273804,58730.4765625,4269.73291015625,1.0008729696273804,60004.42578125,4422.49169921875,1.001999020576477,58618.9296875,4255.455078125,0.9980940222740172,59730.5078125,4412.1953125,0.999638020992279,26123447605,14094831413,69057268195,27,2,7,0,37,6,5,2,0,3
2021-11-28,57248.45703125,4294.45361328125,1.0001250505447388,57248.45703125,4294.45361328125,1.0001250505447388,57393.84375,4297.91650390625,1.001999020576477,53576.734375,3989.969970703125,0.9985389709472656,54813.0234375,4101.64892578125,1.0012810230255127,28116886357,15953126340,73452340871,26,1,6,0,39,7,6,2,0,3
2021-12-05,49368.84765625,4198.32275390625,1.000630021095276,49368.84765625,4198.32275390625,1.000630021095276,49768.1484375,4246.92333984375,1.001996994018555,47857.49609375,4040.217529296875,0.9985470175743104,49201.51953125,4119.62890625,0.9998610019683838,37198201161,25533062707,82054153191,22,1,4,0,40,6,6,2,0,3
2021-12-12,50098.3359375,4134.453125,1.0010509490966797,50098.3359375,4134.453125,1.0010509490966797,50724.8671875,4173.60888671875,1.001939058303833,48725.8515625,3993.055908203125,0.9980720281600952,49354.85546875,4084.811279296875,1.000959038734436,21939223599,14057603914,46141935617,19,1,4,0,36,6,6,1,0,3
2021-12-19,46707.015625,3922.592529296875,0.9999880194664,46707.015625,3922.592529296875,0.9999880194664,48089.6640625,4018.658447265625,1.0019580125808716,46502.953125,3894.398681640625,0.9982619881629944,46853.8671875,3960.872314453125,1.000040054321289,25154053861,16167785597,49752180810,17,1,3,0,32,5,6,1,0,2
2021-12-26,50809.515625,4067.328125,1.0004489421844482,50809.515625,4067.328125,1.0004489421844482,51196.37890625,4105.02392578125,1.0019659996032717,49623.10546875,4013.0263671875,0.9981359839439392,50428.69140625,4094.151611328125,0.9999899864196776,20964372926,11197244172,50593058831,21,1,3,0,33,5,5,1,0,2
2022-01-02,47345.21875,3829.56494140625,1.0004600286483765,47345.21875,3829.56494140625,1.0004600286483765,47881.40625,3836.161865234375,1.000849962234497,46856.9375,3727.357421875,1.0001599788665771,47680.92578125,3769.29833984375,1.0004910230636597,27951569547,9881471548,43202922802,26,1,5,0,42,7,7,2,0,4
2022-01-09,41911.6015625,3157.75146484375,1.0002570152282717,41911.6015625,3157.75146484375,1.0002570152282717,42663.94921875,3206.790771484375,1.0003139972686768,41338.16015625,3075.911376953125,1.0000079870224,41734.7265625,3091.6962890625,1.0000970363616943,21294384372,12334683863,49109221960,23,1,4,0,38,6,7,2,0,4
2022-01-16,43113.87890625,3350.921875,1.0004169940948486,43113.87890625,3350.921875,1.0004169940948486,43436.80859375,3376.401123046875,1.0008180141448977,42691.0234375,3291.563720703125,1.0002429485321045,43172.0390625,3330.38720703125,1.0007270574569702,17902097845,9505934874,41551382127,24,1,5,0,42,6,7,2,0,4
2022-01-23,36276.8046875,2535.0390625,1.0004910230636597,36276.8046875,2535.0390625,1.0004910230636597,36433.3125,2542.144775390625,1.0010080337524414,34784.96875,2381.51513671875,1.0001070499420166,35047.359375,2406.92431640625,1.000154972076416,26017975951,16481489511,57296666670,22,1,4,0,51,7,9,2,0,4
2022-01-30,37917.6015625,2603.466552734375,1.0003410577774048,37917.6015625,2603.466552734375,1.0003410577774048,38266.33984375,2631.408447265625,1.0006070137023926,37437.7109375,2550.4609375,1.0002340078353882,38151.91796875,2598.56494140625,1.000455021858215,14643548444,9501221177,35043713256,20,1,5,0,39,6,7,1,0,4
2022-02-06,42412.43359375,3057.47607421875,1.0006790161132813,42412.43359375,3057.47607421875,1.0006790161132813,42500.78515625,3061.26123046875,1.000828981399536,41244.90625,2965.429931640625,1.000362992286682,41441.12109375,3014.959716796875,1.000586986541748,16142097334,9466018022,40572292703,20,1,4,0,37,6,7,2,0,4
2022-02-13,42197.515625,2883.46337890625,1.0004559755325315,42197.515625,2883.46337890625,1.0004559755325315,42693.0546875,2947.776611328125,1.000864028930664,41950.94140625,2845.397705078125,1.0004169940948486,42236.56640625,2916.78955078125,1.0005970001220703,14741589015,9054963563,41277090178,19,1,3,0,32,5,6,2,0,4
2022-02-20,38431.37890625,2628.6484375,1.0004080533981323,38431.37890625,2628.6484375,1.0004080533981323,40119.890625,2763.756591796875,1.000789999961853,38112.8125,2585.9462890625,1.0003180503845217,40118.1015625,2763.756591796875,1.0005849599838257,18340576452,11641437834,45611091002,17,1,3,0,42,5,7,2,0,3
2022-02-27,37709.78515625,2621.8017578125,1.0004910230636597,37709.78515625,2621.8017578125,1.0004910230636597,39778.94140625,2831.12548828125,1.000789999961853,37268.9765625,2581.61572265625,1.0002659559249878,39098.69921875,2780.50439453125,1.000393033027649,23450127612,16150857254,57257598779,15,1,3,0,38,5,7,2,0,3
2022-03-06,38419.984375,2555.037353515625,1.0002440214157104,38419.984375,2555.037353515625,1.0002440214157104,39640.17578125,2673.63720703125,1.0005450248718262,38211.6484375,2555.037353515625,1.0000569820404053,39404.19921875,2664.943603515625,1.0002720355987549,19745229902,8872976607,43914369258,15,1,3,0,32,4,6,2,0,2
2022-03-13,37849.6640625,2518.944580078125,1.0001989603042605,37849.6640625,2518.944580078125,1.0001989603042605,39209.3515625,2594.5498046875,1.0003670454025269,37728.14453125,2503.88525390625,1.0000619888305664,38884.7265625,2573.488037109375,1.0000619888305664,17300745310,8632000379,42268710956,14,1,3,0,28,4,5,2,0,2
2022-03-20,41247.82421875,2860.459228515625,1.000427007675171,41247.82421875,2860.459228515625,1.000427007675171,42241.1640625,2956.965576171875,1.0007380247116089,41004.7578125,2826.107421875,1.0003750324249268,42191.40625,2946.547607421875,1.000504970550537,20127946682,12684727326,57837125338,15,1,3,0,28,4,5,2,0,3
2022-03-27,46820.4921875,3291.57763671875,1.0003759860992432,46820.4921875,3291.57763671875,1.0003759860992432,46827.546875,3291.57763671875,1.0006059408187866,44437.29296875,3129.997802734375,1.0002679824829102,44505.35546875,3143.795654296875,1.0003609657287598,28160889722,13431866834,59103680528,17,1,3,0,31,5,6,2,0,3
2022-04-03,46453.56640625,3522.83349609375,1.0002729892730713,46453.56640625,3522.83349609375,1.0002729892730713,47313.4765625,3573.960205078125,1.0006810426712036,45634.10546875,3421.259765625,1.000195026397705,45859.12890625,3444.810546875,1.0003479719161987,25414397610,15333808649,67183096448,15,1,3,0,27,4,5,2,0,3
2022-04-10,42207.671875,3211.866943359375,1.00029194355011,42207.671875,3211.866943359375,1.00029194355011,43376.37890625,3303.003173828125,1.0005680322647097,42021.20703125,3211.866943359375,1.0002399682998655,42781.08984375,3261.29150390625,1.0003540515899658,17654475582,10427054790,43341611560,14,0,3,0,26,4,5,2,0,2
2022-04-17,39716.953125,2993.4033203125,1.0003139972686768,39716.953125,2993.4033203125,1.0003139972686768,40570.7265625,3075.77587890625,1.0004359483718872,39620.89453125,2989.0439453125,1.0001440048217771,40417.77734375,3061.8818359375,1.0002909898757937,19087633042,10463091281,40964576376,13,1,2,0,23,3,5,2,0,2
2022-04-24,39469.29296875,2922.732666015625,1.0003440380096436,39469.29296875,2922.732666015625,1.0003440380096436,39845.92578125,2961.882080078125,1.0004459619522097,39233.5390625,2922.128662109375,1.0001649856567385,39478.375,2937.34716796875,1.0002180337905884,17964398167,9696829579,39519383045,13,0,2,0,24,3,5,2,0,2
2022-05-01,38469.09375,2827.756103515625,1.000113010406494,38469.09375,2827.756103515625,1.000113010406494,38627.859375,2838.704345703125,1.0003739595413208,37585.7890625,2728.078857421875,1.0000989437103271,37713.265625,2729.994140625,1.0001519918441772,27002760110,15332730152,61420362842,13,0,2,0,25,3,6,2,0,2
2022-05-08,34059.265625,2517.4599609375,0.9998540282249452,34059.265625,2517.4599609375,0.9998540282249452,35502.94140625,2638.83056640625,1.0000629425048828,33878.96484375,2498.43017578125,0.9997400045394896,35502.94140625,2636.121826171875,0.9999189972877502,36763041910,20802269935,77900163502,26,1,5,0,59,6,11,4,1,3
2022-05-15,31305.11328125,2145.706787109375,0.9990689754486084,31305.11328125,2145.706787109375,0.9990689754486084,31308.19140625,2147.1943359375,0.9990770220756532,29527.740234375,2008.1627197265625,0.9984920024871826,30098.5859375,2056.18310546875,0.9987800121307372,25835372065,14846088335,53979914930,15,1,3,0,39,4,7,2,1,2
2022-05-22,30323.72265625,2043.170166015625,0.9990659952163696,30323.72265625,2043.170166015625,0.9990659952163696,30425.861328125,2047.19140625,0.9991210103034972,29275.18359375,1966.038818359375,0.9985899925231934,29432.47265625,1974.670654296875,0.998786985874176,21631532270,10941123403,40965864100,12,0,3,0,30,4,5,2,0,2
2022-05-29,29445.95703125,1812.031005859375,0.9991779923439026,29445.95703125,1812.031005859375,0.9991779923439026,29498.009765625,1818.776611328125,0.9992460012435912,28841.107421875,1765.9373779296875,0.99890899658203125,29019.8671875,1792.1844482421875,0.9990079998970032,18093886409,10642556101,34572061153,11,0,2,0,27,3,5,2,0,2
2022-06-05,29906.662109375,1805.2049560546875,0.999296009540558,29906.662109375,1805.2049560546875,0.999296009540558,30117.744140625,1825.859619140625,0.9993579983711244,29574.44921875,1777.13330078125,0.9991940259933472,29835.1171875,1801.8189697265625,0.9993090033531188,17264085441,8850385937,30872185296,10,0,2,0,25,3,5,2,0,2
2022-06-12,26762.6484375,1445.216552734375,0.9990800023078918,26762.6484375,1445.216552734375,0.9990800023078918,28502.685546875,1539.705078125,0.9991490244865416,26762.6484375,1436.1839599609375,0.9988420009613036,28373.513671875,1530.189697265625,0.9990140199661256,34163220274,23465074882,59051274983,15,0,3,0,68,8,12,2,0,3
2022-06-19,20553.271484375,1127.656494140625,0.99896901845932,20553.271484375,1127.656494140625,0.99896901845932,20683.822265625,1142.3408203125,0.9990119934082032,18067.15234375,943.1163330078124,0.9984700083732604,19010.90234375,993.400634765625,0.9986559748649596,35329942625,21795481981,55603476684,11,0,2,0,53,5,9,1,0,2
2022-06-26,21027.294921875,1199.8316650390625,0.9993979930877686,21027.294921875,1199.8316650390625,0.9993979930877686,21783.724609375,1272.1312255859375,0.9995949864387512,21016.26953125,1199.4063720703125,0.999373972415924,21496.494140625,1242.987548828125,0.999550998210907,18027170497,12096607824,37228683270,10,0,2,0,37,4,7,1,0,2
2022-07-03,19297.076171875,1073.7669677734375,0.9990779757499696,19297.076171875,1073.7669677734375,0.9990779757499696,19558.26953125,1083.4189453125,0.999127984046936,18966.951171875,1044.005615234375,0.9988909959793092,19242.095703125,1066.4674072265625,0.9989529848098756,16390821947,8557248150,27890770459,9,0,1,0,34,3,6,1,0,2
2022-07-10,20860.44921875,1168.401611328125,0.999464988708496,20860.44921875,1168.401611328125,0.999464988708496,21591.080078125,1216.9044189453125,0.999629020690918,20727.123046875,1157.175537109375,0.999396026134491,21591.080078125,1216.9044189453125,0.9995390176773072,28688807249,10984558039,40170710077,9,0,1,0,30,3,5,1,0,2
2022-07-17,20779.34375,1338.6357421875,0.9997339844703674,20779.34375,1338.6357421875,0.9997339844703674,21600.640625,1378.41748046875,0.9998630285263062,20778.1796875,1329.7633056640625,0.9996770024299622,21195.041015625,1353.205078125,0.9997789859771729,22927802083,16079711737,42189248625,10,0,2,0,32,5,6,1,0,2
2022-07-24,22609.1640625,1599.4766845703125,1.000035047531128,22609.1640625,1599.4766845703125,1.000035047531128,22974.001953125,1654.4287109375,1.0001180171966553,22306.83984375,1548.671142578125,0.9999300241470336,22465.509765625,1549.2225341796875,1.000033974647522,23565495303,17217849557,41955275140,9,0,1,0,27,4,5,1,0,2
2022-07-31,23336.896484375,1681.517333984375,1.0003279447555542,23336.896484375,1681.517333984375,1.0003279447555542,24121.642578125,1745.8831787109375,1.0003379583358765,23275.703125,1672.61279296875,1.0002000331878662,23652.0703125,1695.884765625,1.0002800226211548,23553591896,14200735370,52267348020,9,0,1,0,25,4,5,1,0,2
2022-08-07,23175.890625,1699.350830078125,1.0001440048217771,23175.890625,1699.350830078125,1.0001440048217771,23359.009765625,1724.7891845703125,1.000180959701538,22894.556640625,1672.908447265625,1.000067949295044,22963.505859375,1691.7779541015625,1.0001280307769775,15886817043,10252090340,29901528651,8,0,1,0,23,4,5,1,0,2
2022-08-14,24319.333984375,1936.802001953125,1.000270962715149,24319.333984375,1936.802001953125,1.000270962715149,24974.9140625,2022.79150390625,1.0004010200500488,24206.259765625,1919.0101318359375,1.0002260208129885,24429.056640625,1981.782470703125,1.0003670454025269,22994133555,14062754456,43866838979,9,0,2,0,23,4,5,1,0,2
2022-08-21,21534.12109375,1619.3189697265625,0.9999939799308776,21534.12109375,1619.3189697265625,0.9999939799308776,21668.845703125,1640.9365234375,1.000161051750183,21103.197265625,1569.0465087890625,0.9999420046806335,21160.392578125,1576.5435791015625,0.999974012374878,23102307723,15849221752,45699064002,9,0,1,0,22,4,5,1,0,2
2022-08-28,19616.814453125,1430.54736328125,1.0000280141830444,19616.814453125,1430.54736328125,1.0000280141830444,20139.0546875,1505.7919921875,1.000087022781372,19616.814453125,1430.54736328125,0.9999650120735168,20041.03515625,1491.206787109375,1.0000150203704834,24366810591,12823572918,34337927087,9,0,1,0,22,3,4,1,0,2
2022-09-04,19986.712890625,1577.6416015625,1.00006103515625,19986.712890625,1577.6416015625,1.00006103515625,19999.689453125,1578.00927734375,1.0001009702682495,19636.81640625,1543.6988525390625,0.9999750256538392,19832.470703125,1556.8958740234375,1.0000760555267334,25245861652,8884144998,31495577330,8,0,1,0,22,4,5,1,0,2
2022-09-11,21769.255859375,1761.800048828125,1.00027596950531,21769.255859375,1761.800048828125,1.00027596950531,21770.552734375,1782.7298583984375,1.0003429651260376,21406.9453125,1730.164794921875,1.0002219676971436,21678.54296875,1775.97607421875,1.0002789497375488,34493951963,12464301922,47160062304,8,0,1,0,23,7,4,1,0,4
2022-09-18,19419.505859375,1335.3291015625,1.0000230073928833,19419.505859375,1335.3291015625,1.0000230073928833,20127.234375,1469.7054443359375,1.0001449584960938,19387.4921875,1331.4947509765625,0.9999489784240724,20127.234375,1469.7054443359375,1.0000959634780884,31254779144,15762284723,46056427438,8,0,1,0,23,4,5,1,0,2
2022-09-25,18802.09765625,1294.216796875,1.000054955482483,18802.09765625,1294.216796875,1.000054955482483,19134.732421875,1333.371337890625,1.0001369714736938,18696.46875,1275.627685546875,1.0000239610671997,18936.310546875,1317.9384765625,1.00005304813385,23359966112,11802651633,35041309688,8,0,1,0,22,3,4,1,0,2
2022-10-02,19044.107421875,1276.093505859375,1.000059962272644,19044.107421875,1276.093505859375,1.000059962272644,19370.30859375,1316.330078125,1.0001059770584106,18970.62109375,1275.3360595703125,0.999948024749756,19311.849609375,1311.75341796875,1.0000449419021606,20765955327,7578351650,30109417396,7,0,1,0,19,2,4,1,0,1
2022-10-09,19446.42578125,1322.604248046875,1.0001579523086548,19446.42578125,1322.604248046875,1.0001579523086548,19542.5390625,1327.6688232421875,1.000182032585144,19349.259765625,1309.3446044921875,1.0000640153884888,19417.478515625,1315.460205078125,1.0000779628753662,16837262532,5486230123,22977760897,7,0,1,0,19,2,4,1,0,1
2022-10-16,19268.09375,1306.296630859375,1.0000569820404053,19268.09375,1306.296630859375,1.0000569820404053,19389.603515625,1312.634521484375,1.0001490116119385,19068.9140625,1275.0054931640625,1.0000289678573608,19068.9140625,1275.0054931640625,1.0000840425491333,17988916650,7491625206,27428821905,7,0,1,0,17,2,3,1,0,1
2022-10-23,19567.0078125,1363.447021484375,1.0000770092010498,19567.0078125,1363.447021484375,1.0000770092010498,19646.65234375,1367.7607421875,1.000203013420105,19124.197265625,1302.9088134765625,1.0000239610671997,19207.734375,1314.24951171875,1.00006103515625,22128794335,9909510925,31629519444,8,0,1,0,18,3,3,1,0,2
2022-10-30,20635.603515625,1590.7833251953125,1.0001790523529053,20635.603515625,1590.7833251953125,1.0001790523529053,20917.005859375,1637.037841796875,1.0003459453582764,20547.462890625,1579.4852294921875,1.0001699924468994,20817.982421875,1619.6978759765625,1.0002260208129885,31486345556,13930073427,52873524542,8,0,1,0,18,3,4,1,0,1
2022-11-06,20926.486328125,1572.2347412109375,1.0000900030136108,20926.486328125,1572.2347412109375,1.0000900030136108,21345.376953125,1634.1324462890625,1.000164031982422,20920.19140625,1572.2347412109375,0.9999939799308776,21285.056640625,1627.901123046875,1.000120997428894,35082693210,11632744705,51095877870,13,0,2,0,33,4,7,2,0,2
2022-11-13,16353.365234375,1221.8192138671875,0.9987549781799316,16353.365234375,1221.8192138671875,0.9987549781799316,16920.765625,1271.7125244140625,0.9990659952163696,16320.634765625,1208.52099609375,0.998462975025177,16799.72265625,1255.4412841796875,0.9986169934272766,27209183682,10717455214,40189889540,13,0,2,0,32,3,6,1,0,2
2022-11-20,16291.83203125,1142.4666748046875,0.9989820122718812,16291.83203125,1142.4666748046875,0.9989820122718812,16746.779296875,1224.0777587890625,0.9992070198059082,16248.6923828125,1137.9332275390625,0.998769998550415,16712.919921875,1218.436279296875,0.9990869760513306,21313378652,9651002684,33834889406,9,0,1,0,23,2,4,1,0,1
2022-11-27,16444.626953125,1195.126953125,0.9996039867401124,16444.626953125,1195.126953125,0.9996039867401124,16594.40625,1220.3494873046875,0.9996539950370787,16437.025390625,1195.0390625,0.9995030164718628,16463.8828125,1205.9052734375,0.999567985534668,20443898509,4486976868,27588594951,8,0,1,0,21,2,4,1,0,1
